﻿<Orders>
  <Order OrderNumber="SO43659">
    <LineItem Line="1" PID="349" Qty="1" Price="2024.9940" Freight="50.6249" />
    <LineItem Line="2" PID="350" Qty="3" Price="2024.9940" Freight="151.8746" />
    <LineItem Line="3" PID="351" Qty="1" Price="2024.9940" Freight="50.6249" />
    <LineItem Line="4" PID="344" Qty="1" Price="2039.9940" Freight="50.9999" />
    <LineItem Line="5" PID="345" Qty="1" Price="2039.9940" Freight="50.9999" />
    <LineItem Line="6" PID="346" Qty="2" Price="2039.9940" Freight="101.9997" />
    <LineItem Line="7" PID="347" Qty="1" Price="2039.9940" Freight="50.9999" />
    <LineItem Line="8" PID="229" Qty="3" Price="28.8404" Freight="2.1630" />
    <LineItem Line="9" PID="235" Qty="1" Price="28.8404" Freight="0.7210" />
    <LineItem Line="10" PID="218" Qty="6" Price="5.7000" Freight="0.8550" />
    <LineItem Line="11" PID="223" Qty="2" Price="5.1865" Freight="0.2593" />
    <LineItem Line="12" PID="220" Qty="4" Price="20.1865" Freight="2.0187" />
  </Order>
  <Order OrderNumber="SO43660">
    <LineItem Line="1" PID="326" Qty="1" Price="419.4589" Freight="10.4865" />
    <LineItem Line="2" PID="319" Qty="1" Price="874.7940" Freight="21.8699" />
  </Order>
  <!--Many more orders here -->
</Orders>